Bx,By,Bmagnetic,CoreLoss
1.22513e-06,-1.1414e-12,1.22513e-06,5.30664e-12
1.22513e-06,-3.39177e-12,1.22513e-06,5.30665e-12
1.22513e-06,-5.5466e-12,1.22513e-06,5.30668e-12
1.22514e-06,-7.54789e-12,1.22514e-06,5.30672e-12
1.22515e-06,-9.34518e-12,1.22515e-06,5.30679e-12
1.22516e-06,-1.08971e-11,1.22516e-06,5.30687e-12
1.22517e-06,-1.21715e-11,1.22517e-06,5.30696e-12
1.22518e-06,-1.3145e-11,1.22518e-06,5.30707e-12
1.22519e-06,-1.38019e-11,1.22519e-06,5.30718e-12
1.22521e-06,-1.41325e-11,1.22521e-06,5.3073e-12
1.22522e-06,-1.41325e-11,1.22522e-06,5.30743e-12
1.22524e-06,-1.38019e-11,1.22524e-06,5.30755e-12
1.22525e-06,-1.3145e-11,1.22525e-06,5.30767e-12
1.22526e-06,-1.21715e-11,1.22526e-06,5.30778e-12
1.22527e-06,-1.08971e-11,1.22527e-06,5.30789e-12
1.22529e-06,-9.34518e-12,1.22529e-06,5.30798e-12
1.22529e-06,-7.54789e-12,1.22529e-06,5.30806e-12
1.2253e-06,-5.5466e-12,1.2253e-06,5.30813e-12
1.22531e-06,-3.39177e-12,1.22531e-06,5.30818e-12
1.22531e-06,-1.1414e-12,1.22531e-06,5.30821e-12
1.22531e-06,4.87535e-31,1.22531e-06,5.30822e-12
1.1623e-06,-2.31524e-12,1.1623e-06,4.77626e-12
1.1623e-06,-6.87906e-12,1.1623e-06,4.77627e-12
1.1623e-06,-1.12467e-11,1.1623e-06,4.7763e-12
1.16231e-06,-1.52998e-11,1.16231e-06,4.77635e-12
1.16231e-06,-1.89358e-11,1.16231e-06,4.77641e-12
1.16232e-06,-2.20716e-11,1.16232e-06,4.77649e-12
1.16233e-06,-2.46438e-11,1.16233e-06,4.77658e-12
1.16235e-06,-2.66066e-11,1.16235e-06,4.77669e-12
1.16236e-06,-2.79299e-11,1.16236e-06,4.7768e-12
1.16237e-06,-2.85957e-11,1.16237e-06,4.77691e-12
1.16239e-06,-2.85957e-11,1.16239e-06,4.77703e-12
1.1624e-06,-2.79299e-11,1.1624e-06,4.77715e-12
1.16242e-06,-2.66066e-11,1.16242e-06,4.77727e-12
1.16243e-06,-2.46438e-11,1.16243e-06,4.77738e-12
1.16244e-06,-2.20716e-11,1.16244e-06,4.77748e-12
1.16245e-06,-1.89358e-11,1.16245e-06,4.77757e-12
1.16246e-06,-1.52998e-11,1.16246e-06,4.77765e-12
1.16247e-06,-1.12467e-11,1.16247e-06,4.77772e-12
1.16248e-06,-6.87906e-12,1.16248e-06,4.77776e-12
1.16248e-06,-2.31524e-12,1.16248e-06,4.77779e-12
1.16248e-06,-1.1414e-12,1.16248e-06,4.7778e-12
1.09946e-06,-3.55575e-12,1.09946e-06,4.27379e-12
1.09946e-06,-1.05625e-11,1.09946e-06,4.2738e-12
1.09946e-06,-1.72616e-11,1.09946e-06,4.27383e-12
1.09947e-06,-2.34686e-11,1.09947e-06,4.27388e-12
1.09948e-06,-2.90265e-11,1.09948e-06,4.27394e-12
1.09949e-06,-3.381e-11,1.09949e-06,4.27402e-12
1.0995e-06,-3.77254e-11,1.0995e-06,4.27411e-12
1.09951e-06,-4.07078e-11,1.09951e-06,4.27421e-12
1.09953e-06,-4.27155e-11,1.09953e-06,4.27432e-12
1.09954e-06,-4.37247e-11,1.09954e-06,4.27444e-12
1.09956e-06,-4.37247e-11,1.09956e-06,4.27455e-12
1.09957e-06,-4.27155e-11,1.09957e-06,4.27467e-12
1.09959e-06,-4.07078e-11,1.09959e-06,4.27479e-12
1.0996e-06,-3.77254e-11,1.0996e-06,4.2749e-12
1.09961e-06,-3.381e-11,1.09961e-06,4.275e-12
1.09963e-06,-2.90265e-11,1.09963e-06,4.27509e-12
1.09964e-06,-2.34686e-11,1.09964e-06,4.27517e-12
1.09964e-06,-1.72616e-11,1.09964e-06,4.27523e-12
1.09965e-06,-1.05625e-11,1.09965e-06,4.27528e-12
1.09965e-06,-3.55575e-12,1.09965e-06,4.27531e-12
1.09966e-06,-2.31524e-12,1.09966e-06,4.27532e-12
1.03662e-06,-4.901e-12,1.03662e-06,3.79922e-12
1.03662e-06,-1.45536e-11,1.03662e-06,3.79923e-12
1.03663e-06,-2.37684e-11,1.03663e-06,3.79926e-12
1.03663e-06,-3.22866e-11,1.03663e-06,3.79931e-12
1.03664e-06,-3.98918e-11,1.03664e-06,3.79937e-12
1.03665e-06,-4.64163e-11,1.03665e-06,3.79945e-12
1.03666e-06,-5.174e-11,1.03666e-06,3.79954e-12
1.03668e-06,-5.57836e-11,1.03668e-06,3.79965e-12
1.03669e-06,-5.84996e-11,1.03669e-06,3.79976e-12
1.03671e-06,-5.98629e-11,1.03671e-06,3.79987e-12
1.03673e-06,-5.98629e-11,1.03673e-06,3.79999e-12
1.03674e-06,-5.84996e-11,1.03674e-06,3.80011e-12
1.03676e-06,-5.57836e-11,1.03676e-06,3.80023e-12
1.03677e-06,-5.174e-11,1.03677e-06,3.80034e-12
1.03679e-06,-4.64163e-11,1.03679e-06,3.80044e-12
1.0368e-06,-3.98918e-11,1.0368e-06,3.80053e-12
1.03681e-06,-3.22866e-11,1.03681e-06,3.80061e-12
1.03682e-06,-2.37684e-11,1.03682e-06,3.80068e-12
1.03683e-06,-1.45536e-11,1.03683e-06,3.80072e-12
1.03683e-06,-4.901e-12,1.03683e-06,3.80075e-12
1.03683e-06,-3.55575e-12,1.03683e-06,3.80076e-12
9.73779e-07,-6.39565e-12,9.73779e-07,3.35255e-12
9.7378e-07,-1.89824e-11,9.7378e-07,3.35256e-12
9.73785e-07,-3.0972e-11,9.73785e-07,3.35259e-12
9.73792e-07,-4.20176e-11,9.73792e-07,3.35264e-12
9.73802e-07,-5.18377e-11,9.73802e-07,3.35271e-12
9.73814e-07,-6.02235e-11,9.73814e-07,3.35279e-12
9.73827e-07,-6.70346e-11,9.73827e-07,3.35289e-12
9.73843e-07,-7.21869e-11,9.73843e-07,3.35299e-12
9.73859e-07,-7.56365e-11,9.73859e-07,3.35311e-12
9.73876e-07,-7.73644e-11,9.73876e-07,3.35322e-12
9.73894e-07,-7.73644e-11,9.73894e-07,3.35334e-12
9.73911e-07,-7.56365e-11,9.73911e-07,3.35346e-12
9.73928e-07,-7.21869e-11,9.73928e-07,3.35358e-12
9.73945e-07,-6.70346e-11,9.73945e-07,3.3537e-12
9.7396e-07,-6.02235e-11,9.7396e-07,3.3538e-12
9.73974e-07,-5.18377e-11,9.73974e-07,3.3539e-12
9.73986e-07,-4.20176e-11,9.73986e-07,3.35398e-12
9.73996e-07,-3.0972e-11,9.73996e-07,3.35405e-12
9.74003e-07,-1.89824e-11,9.74003e-07,3.3541e-12
9.74007e-07,-6.39565e-12,9.74007e-07,3.35413e-12
9.74009e-07,-4.901e-12,9.74009e-07,3.35414e-12
9.10934e-07,-8.09485e-12,9.10934e-07,2.93379e-12
9.10936e-07,-2.40084e-11,9.10936e-07,2.9338e-12
9.10941e-07,-3.91195e-11,9.10941e-07,2.93383e-12
9.10949e-07,-5.2974e-11,9.10949e-07,2.93389e-12
9.1096e-07,-6.52179e-11,9.1096e-07,2.93396e-12
9.10973e-07,-7.56054e-11,9.10973e-07,2.93404e-12
9.10989e-07,-8.39881e-11,9.10989e-07,2.93414e-12
9.11006e-07,-9.02929e-11,9.11006e-07,2.93425e-12
9.11024e-07,-9.4495e-11,9.11024e-07,2.93437e-12
9.11043e-07,-9.65939e-11,9.11043e-07,2.93449e-12
9.11062e-07,-9.65939e-11,9.11062e-07,2.93461e-12
9.11081e-07,-9.4495e-11,9.11081e-07,2.93474e-12
9.111e-07,-9.02929e-11,9.111e-07,2.93486e-12
9.11118e-07,-8.39881e-11,9.11118e-07,2.93497e-12
9.11135e-07,-7.56054e-11,9.11135e-07,2.93508e-12
9.1115e-07,-6.52179e-11,9.1115e-07,2.93518e-12
9.11164e-07,-5.2974e-11,9.11164e-07,2.93527e-12
9.11175e-07,-3.91195e-11,9.11175e-07,2.93534e-12
9.11183e-07,-2.40084e-11,9.11183e-07,2.93539e-12
9.11188e-07,-8.09485e-12,9.11188e-07,2.93542e-12
9.1119e-07,-6.39565e-12,9.1119e-07,2.93544e-12
8.48086e-07,-1.00702e-11,8.48086e-07,2.54293e-12
8.48088e-07,-2.98367e-11,8.48088e-07,2.54294e-12
8.48094e-07,-4.85238e-11,8.48094e-07,2.54298e-12
8.48103e-07,-6.55411e-11,8.48103e-07,2.54304e-12
8.48116e-07,-8.04546e-11,8.48116e-07,2.54311e-12
8.48131e-07,-9.29921e-11,8.48131e-07,2.5432e-12
8.48148e-07,-1.0302e-10,8.48148e-07,2.54331e-12
8.48168e-07,-1.10501e-10,8.48168e-07,2.54342e-12
8.48188e-07,-1.15457e-10,8.48188e-07,2.54354e-12
8.48209e-07,-1.17922e-10,8.48209e-07,2.54367e-12
8.4823e-07,-1.17922e-10,8.4823e-07,2.5438e-12
8.48251e-07,-1.15457e-10,8.48251e-07,2.54392e-12
8.48272e-07,-1.10501e-10,8.48272e-07,2.54405e-12
8.48293e-07,-1.0302e-10,8.48293e-07,2.54417e-12
8.48312e-07,-9.29921e-11,8.48312e-07,2.54429e-12
8.48329e-07,-8.04546e-11,8.48329e-07,2.54439e-12
8.48344e-07,-6.55411e-11,8.48344e-07,2.54448e-12
8.48357e-07,-4.85238e-11,8.48357e-07,2.54456e-12
8.48366e-07,-2.98367e-11,8.48366e-07,2.54461e-12
8.48372e-07,-1.00702e-11,8.48372e-07,2.54465e-12
8.48374e-07,-8.09485e-12,8.48374e-07,2.54466e-12
7.85234e-07,-1.24196e-11,7.85234e-07,2.17998e-12
7.85236e-07,-3.67445e-11,7.85236e-07,2.18e-12
7.85243e-07,-5.95978e-11,7.85243e-07,2.18004e-12
7.85254e-07,-8.02119e-11,7.85254e-07,2.1801e-12
7.85269e-07,-9.80672e-11,7.85269e-07,2.18018e-12
7.85287e-07,-1.12889e-10,7.85287e-07,2.18028e-12
7.85307e-07,-1.24597e-10,7.85307e-07,2.18039e-12
7.85328e-07,-1.33236e-10,7.85328e-07,2.18051e-12
7.85351e-07,-1.38909e-10,7.85351e-07,2.18063e-12
7.85374e-07,-1.41716e-10,7.85374e-07,2.18076e-12
7.85398e-07,-1.41716e-10,7.85398e-07,2.1809e-12
7.85422e-07,-1.38909e-10,7.85422e-07,2.18103e-12
7.85445e-07,-1.33236e-10,7.85445e-07,2.18116e-12
7.85468e-07,-1.24597e-10,7.85468e-07,2.18128e-12
7.8549e-07,-1.12889e-10,7.8549e-07,2.1814e-12
7.8551e-07,-9.80672e-11,7.8551e-07,2.18151e-12
7.85527e-07,-8.02119e-11,7.85527e-07,2.18161e-12
7.85542e-07,-5.95978e-11,7.85542e-07,2.18169e-12
7.85553e-07,-3.67445e-11,7.85553e-07,2.18175e-12
7.8556e-07,-1.24196e-11,7.8556e-07,2.18179e-12
7.85562e-07,-1.00702e-11,7.85562e-07,2.18181e-12
7.22377e-07,-1.52833e-11,7.22377e-07,1.84494e-12
7.2238e-07,-4.51237e-11,7.2238e-07,1.84496e-12
7.22389e-07,-7.29111e-11,7.22389e-07,1.845e-12
7.22402e-07,-9.76413e-11,7.22402e-07,1.84507e-12
7.22419e-07,-1.18714e-10,7.22419e-07,1.84516e-12
7.2244e-07,-1.35899e-10,7.2244e-07,1.84526e-12
7.22463e-07,-1.49242e-10,7.22463e-07,1.84538e-12
7.22488e-07,-1.58938e-10,7.22488e-07,1.84551e-12
7.22513e-07,-1.65228e-10,7.22513e-07,1.84564e-12
7.2254e-07,-1.68315e-10,7.2254e-07,1.84577e-12
7.22566e-07,-1.68315e-10,7.22566e-07,1.84591e-12
7.22593e-07,-1.65228e-10,7.22593e-07,1.84605e-12
7.22619e-07,-1.58938e-10,7.22619e-07,1.84618e-12
7.22645e-07,-1.49242e-10,7.22645e-07,1.84631e-12
7.2267e-07,-1.35899e-10,7.2267e-07,1.84644e-12
7.22693e-07,-1.18714e-10,7.22693e-07,1.84655e-12
7.22713e-07,-9.76413e-11,7.22713e-07,1.84666e-12
7.22731e-07,-7.29111e-11,7.22731e-07,1.84675e-12
7.22744e-07,-4.51237e-11,7.22744e-07,1.84682e-12
7.22752e-07,-1.52833e-11,7.22752e-07,1.84686e-12
7.22755e-07,-1.24196e-11,7.22755e-07,1.84687e-12
6.59515e-07,-1.8873e-11,6.59515e-07,1.53782e-12
6.59519e-07,-5.5556e-11,6.59519e-07,1.53783e-12
6.59529e-07,-8.92817e-11,6.59529e-07,1.53788e-12
6.59545e-07,-1.18729e-10,6.59545e-07,1.53796e-12
6.59566e-07,-1.43247e-10,6.59566e-07,1.53806e-12
6.59591e-07,-1.62753e-10,6.59591e-07,1.53817e-12
6.59618e-07,-1.77534e-10,6.59618e-07,1.5383e-12
6.59646e-07,-1.88045e-10,6.59646e-07,1.53843e-12
6.59675e-07,-1.94749e-10,6.59675e-07,1.53856e-12
6.59705e-07,-1.98003e-10,6.59705e-07,1.5387e-12
6.59734e-07,-1.98003e-10,6.59734e-07,1.53884e-12
6.59764e-07,-1.94749e-10,6.59764e-07,1.53898e-12
6.59794e-07,-1.88045e-10,6.59794e-07,1.53912e-12
6.59823e-07,-1.77534e-10,6.59823e-07,1.53925e-12
6.59851e-07,-1.62753e-10,6.59851e-07,1.53938e-12
6.59878e-07,-1.43247e-10,6.59878e-07,1.53951e-12
6.59902e-07,-1.18729e-10,6.59902e-07,1.53962e-12
6.59924e-07,-8.92817e-11,6.59924e-07,1.53972e-12
6.5994e-07,-5.5556e-11,6.5994e-07,1.5398e-12
6.5995e-07,-1.8873e-11,6.5995e-07,1.53985e-12
6.59954e-07,-1.52833e-11,6.59954e-07,1.53986e-12
5.96645e-07,-2.35258e-11,5.96645e-07,1.2586e-12
5.9665e-07,-6.89457e-11,5.9665e-07,1.25862e-12
5.96663e-07,-1.09931e-10,5.96663e-07,1.25868e-12
5.96684e-07,-1.44745e-10,5.96684e-07,1.25876e-12
5.9671e-07,-1.72792e-10,5.9671e-07,1.25887e-12
5.9674e-07,-1.94331e-10,5.9674e-07,1.259e-12
5.96771e-07,-2.10096e-10,5.96771e-07,1.25913e-12
5.96804e-07,-2.20961e-10,5.96804e-07,1.25927e-12
5.96837e-07,-2.27718e-10,5.96837e-07,1.25941e-12
5.9687e-07,-2.30945e-10,5.9687e-07,1.25955e-12
5.96903e-07,-2.30945e-10,5.96903e-07,1.25969e-12
5.96936e-07,-2.27718e-10,5.96936e-07,1.25982e-12
5.96969e-07,-2.20961e-10,5.96969e-07,1.25996e-12
5.97001e-07,-2.10096e-10,5.97001e-07,1.2601e-12
5.97034e-07,-1.94331e-10,5.97034e-07,1.26024e-12
5.97066e-07,-1.72792e-10,5.97066e-07,1.26037e-12
5.97095e-07,-1.44745e-10,5.97095e-07,1.2605e-12
5.97121e-07,-1.09931e-10,5.97121e-07,1.26061e-12
5.97142e-07,-6.89457e-11,5.97142e-07,1.26069e-12
5.97155e-07,-2.35258e-11,5.97155e-07,1.26075e-12
5.9716e-07,-1.8873e-11,5.9716e-07,1.26077e-12
5.33766e-07,-2.98104e-11,5.33766e-07,1.0073e-12
5.33773e-07,-8.67701e-11,5.33773e-07,1.00732e-12
5.33791e-07,-1.36751e-10,5.33791e-07,1.00739e-12
5.33817e-07,-1.77529e-10,5.33817e-07,1.00749e-12
5.3385e-07,-2.08844e-10,5.3385e-07,1.00761e-12
5.33886e-07,-2.31684e-10,5.33886e-07,1.00775e-12
5.33924e-07,-2.47558e-10,5.33924e-07,1.00789e-12
5.33961e-07,-2.57985e-10,5.33961e-07,1.00803e-12
5.33998e-07,-2.64217e-10,5.33998e-07,1.00817e-12
5.34035e-07,-2.67115e-10,5.34035e-07,1.00831e-12
5.34071e-07,-2.67115e-10,5.34071e-07,1.00845e-12
5.34107e-07,-2.64217e-10,5.34107e-07,1.00858e-12
5.34143e-07,-2.57985e-10,5.34143e-07,1.00872e-12
5.3418e-07,-2.47558e-10,5.34181e-07,1.00886e-12
5.34218e-07,-2.31684e-10,5.34218e-07,1.009e-12
5.34255e-07,-2.08844e-10,5.34255e-07,1.00914e-12
5.34291e-07,-1.77529e-10,5.34291e-07,1.00928e-12
5.34324e-07,-1.36751e-10,5.34324e-07,1.0094e-12
5.34351e-07,-8.67701e-11,5.34351e-07,1.0095e-12
5.34369e-07,-2.98104e-11,5.34369e-07,1.00957e-12
5.34375e-07,-2.35258e-11,5.34375e-07,1.0096e-12
4.70875e-07,-3.87559e-11,4.70875e-07,7.8391e-13
4.70884e-07,-1.11574e-10,4.70884e-07,7.8394e-13
4.70909e-07,-1.72774e-10,4.70909e-07,7.84023e-13
4.70945e-07,-2.19776e-10,4.70945e-07,7.84143e-13
4.70987e-07,-2.5337e-10,4.70987e-07,7.84283e-13
4.71032e-07,-2.76003e-10,4.71032e-07,7.84432e-13
4.71076e-07,-2.90468e-10,4.71076e-07,7.84579e-13
4.71119e-07,-2.99205e-10,4.71119e-07,7.84722e-13
4.7116e-07,-3.04048e-10,4.7116e-07,7.8486e-13
4.712e-07,-3.06182e-10,4.712e-07,7.84992e-13
4.71239e-07,-3.06182e-10,4.71239e-07,7.85123e-13
4.71278e-07,-3.04048e-10,4.71278e-07,7.85253e-13
4.71318e-07,-2.99205e-10,4.71318e-07,7.85385e-13
4.71359e-07,-2.90468e-10,4.71359e-07,7.85523e-13
4.71402e-07,-2.76003e-10,4.71402e-07,7.85666e-13
4.71446e-07,-2.5337e-10,4.71446e-07,7.85814e-13
4.71491e-07,-2.19776e-10,4.71491e-07,7.85962e-13
4.71533e-07,-1.72774e-10,4.71533e-07,7.86103e-13
4.71569e-07,-1.11574e-10,4.71569e-07,7.86223e-13
4.71594e-07,-3.87559e-11,4.71594e-07,7.86305e-13
4.71603e-07,-2.98104e-11,4.71603e-07,7.86335e-13
4.07966e-07,-5.23958e-11,4.07966e-07,5.8844e-13
4.07979e-07,-1.47994e-10,4.07979e-07,5.88479e-13
4.08016e-07,-2.22996e-10,4.08016e-07,5.88585e-13
4.08066e-07,-2.7543e-10,4.08066e-07,5.8873e-13
4.08122e-07,-3.08857e-10,4.08122e-07,5.8889e-13
4.08177e-07,-3.28491e-10,4.08177e-07,5.8905e-13
4.0823e-07,-3.39104e-10,4.0823e-07,5.89202e-13
4.08278e-07,-3.4432e-10,4.08278e-07,5.89342e-13
4.08323e-07,-3.4659e-10,4.08323e-07,5.89473e-13
4.08366e-07,-3.47384e-10,4.08366e-07,5.89595e-13
4.08407e-07,-3.47384e-10,4.08407e-07,5.89714e-13
4.08448e-07,-3.4659e-10,4.08448e-07,5.89833e-13
4.08491e-07,-3.4432e-10,4.08491e-07,5.89956e-13
4.08536e-07,-3.39104e-10,4.08536e-07,5.90087e-13
4.08585e-07,-3.28491e-10,4.08585e-07,5.90227e-13
4.08637e-07,-3.08857e-10,4.08637e-07,5.90379e-13
4.08693e-07,-2.7543e-10,4.08693e-07,5.90539e-13
4.08748e-07,-2.22996e-10,4.08748e-07,5.907e-13
4.08798e-07,-1.47994e-10,4.08798e-07,5.90845e-13
4.08835e-07,-5.23958e-11,4.08835e-07,5.9095e-13
4.08848e-07,-3.87559e-11,4.08848e-07,5.90989e-13
3.45029e-07,-7.5229e-11,3.45029e-07,4.20888e-13
3.45052e-07,-2.05011e-10,3.45052e-07,4.20944e-13
3.45109e-07,-2.95785e-10,3.45109e-07,4.21083e-13
3.45182e-07,-3.50091e-10,3.45182e-07,4.21261e-13
3.45256e-07,-3.78138e-10,3.45257e-07,4.21443e-13
3.45326e-07,-3.90001e-10,3.45326e-07,4.21612e-13
3.45387e-07,-3.93138e-10,3.45387e-07,4.21762e-13
3.45441e-07,-3.92381e-10,3.45441e-07,4.21894e-13
3.45489e-07,-3.90606e-10,3.45489e-07,4.22012e-13
3.45533e-07,-3.89379e-10,3.45533e-07,4.22119e-13
3.45575e-07,-3.89379e-10,3.45575e-07,4.22222e-13
3.45617e-07,-3.90606e-10,3.45617e-07,4.22324e-13
3.45661e-07,-3.92381e-10,3.45661e-07,4.22432e-13
3.45709e-07,-3.93138e-10,3.45709e-07,4.2255e-13
3.45763e-07,-3.90001e-10,3.45764e-07,4.22682e-13
3.45825e-07,-3.78138e-10,3.45825e-07,4.22832e-13
3.45894e-07,-3.50091e-10,3.45894e-07,4.23001e-13
3.45969e-07,-2.95785e-10,3.45969e-07,4.23184e-13
3.46042e-07,-2.05011e-10,3.46042e-07,4.23362e-13
3.46099e-07,-7.5229e-11,3.46099e-07,4.23501e-13
3.46121e-07,-5.23958e-11,3.46121e-07,4.23557e-13
2.82047e-07,-1.18738e-10,2.82047e-07,2.81253e-13
2.8209e-07,-3.01036e-10,2.8209e-07,2.8134e-13
2.82186e-07,-4.05044e-10,2.82187e-07,2.81532e-13
2.82295e-07,-4.51009e-10,2.82296e-07,2.8175e-13
2.82396e-07,-4.63603e-10,2.82397e-07,2.81952e-13
2.82482e-07,-4.60236e-10,2.82482e-07,2.82122e-13
2.82552e-07,-4.51065e-10,2.82552e-07,2.82262e-13
2.8261e-07,-4.41458e-10,2.8261e-07,2.82378e-13
2.82659e-07,-4.34076e-10,2.82659e-07,2.82476e-13
2.82703e-07,-4.30147e-10,2.82703e-07,2.82563e-13
2.82743e-07,-4.30147e-10,2.82744e-07,2.82645e-13
2.82784e-07,-4.34076e-10,2.82784e-07,2.82726e-13
2.82828e-07,-4.41458e-10,2.82828e-07,2.82813e-13
2.82877e-07,-4.51065e-10,2.82877e-07,2.82911e-13
2.82935e-07,-4.60236e-10,2.82935e-07,2.83027e-13
2.83005e-07,-4.63603e-10,2.83005e-07,2.83168e-13
2.8309e-07,-4.51009e-10,2.83091e-07,2.83339e-13
2.83191e-07,-4.05044e-10,2.83191e-07,2.83541e-13
2.833e-07,-3.01036e-10,2.83301e-07,2.83759e-13
2.83396e-07,-1.18738e-10,2.83397e-07,2.83951e-13
2.8344e-07,-7.5229e-11,2.8344e-07,2.84039e-13
2.18977e-07,-2.17426e-10,2.18977e-07,1.69533e-13
2.19076e-07,-4.75351e-10,2.19077e-07,1.69686e-13
2.1925e-07,-5.72346e-10,2.19251e-07,1.69957e-13
2.19418e-07,-5.85299e-10,2.19418e-07,1.70216e-13
2.19552e-07,-5.65027e-10,2.19553e-07,1.70425e-13
2.19653e-07,-5.36277e-10,2.19654e-07,1.70582e-13
2.19729e-07,-5.09429e-10,2.1973e-07,1.707e-13
2.19788e-07,-4.88312e-10,2.19788e-07,1.70791e-13
2.19835e-07,-4.74091e-10,2.19835e-07,1.70863e-13
2.19875e-07,-4.66987e-10,2.19875e-07,1.70926e-13
2.19911e-07,-4.66987e-10,2.19912e-07,1.70983e-13
2.19948e-07,-4.74091e-10,2.19949e-07,1.7104e-13
2.19988e-07,-4.88312e-10,2.19989e-07,1.71103e-13
2.20035e-07,-5.09429e-10,2.20036e-07,1.71176e-13
2.20094e-07,-5.36277e-10,2.20094e-07,1.71266e-13
2.2017e-07,-5.65027e-10,2.2017e-07,1.71385e-13
2.20271e-07,-5.85299e-10,2.20272e-07,1.71543e-13
2.20405e-07,-5.72346e-10,2.20406e-07,1.71752e-13
2.20573e-07,-4.75351e-10,2.20573e-07,1.72013e-13
2.20747e-07,-2.17426e-10,2.20747e-07,1.72284e-13
2.20846e-07,-1.18738e-10,2.20846e-07,1.72438e-13
1.55711e-07,-4.9304e-10,1.55711e-07,8.57227e-14
1.55986e-07,-8.10596e-10,1.55988e-07,8.60279e-14
1.56322e-07,-8.23688e-10,1.56324e-07,8.63982e-14
1.56573e-07,-7.52816e-10,1.56575e-07,8.66758e-14
1.5674e-07,-6.74928e-10,1.56742e-07,8.6861e-14
1.5685e-07,-6.10415e-10,1.56851e-07,8.69825e-14
1.56924e-07,-5.62062e-10,1.56925e-07,8.70646e-14
1.56977e-07,-5.28269e-10,1.56978e-07,8.71229e-14
1.57017e-07,-5.06988e-10,1.57018e-07,8.71672e-14
1.5705e-07,-4.96723e-10,1.57051e-07,8.72036e-14
1.5708e-07,-4.96723e-10,1.5708e-07,8.72367e-14
1.57109e-07,-5.06988e-10,1.5711e-07,8.72697e-14
1.57142e-07,-5.28269e-10,1.57143e-07,8.73064e-14
1.57182e-07,-5.62062e-10,1.57183e-07,8.73509e-14
1.57235e-07,-6.10415e-10,1.57236e-07,8.74096e-14
1.57309e-07,-6.74928e-10,1.5731e-07,8.74924e-14
1.57419e-07,-7.52816e-10,1.57421e-07,8.7615e-14
1.57586e-07,-8.23688e-10,1.57589e-07,8.7802e-14
1.57838e-07,-8.10596e-10,1.5784e-07,8.80822e-14
1.58173e-07,-4.9304e-10,1.58174e-07,8.84553e-14
1.58449e-07,-2.17426e-10,1.58449e-07,8.87632e-14
9.18927e-08,-1.43718e-09,9.1904e-08,2.98623e-14
9.28369e-08,-1.45031e-09,9.28482e-08,3.04791e-14
9.34766e-08,-1.159e-09,9.34837e-08,3.08978e-14
9.38119e-08,-9.27347e-10,9.38165e-08,3.11181e-14
9.39864e-08,-7.71456e-10,9.39896e-08,3.1233e-14
9.40829e-08,-6.68395e-10,9.40853e-08,3.12967e-14
9.41409e-08,-6.00133e-10,9.41428e-08,3.1335e-14
9.4179e-08,-5.55716e-10,9.41806e-08,3.13601e-14
9.42064e-08,-5.2887e-10,9.42079e-08,3.13783e-14
9.42283e-08,-5.16194e-10,9.42297e-08,3.13929e-14
9.42478e-08,-5.16194e-10,9.42492e-08,3.14058e-14
9.42673e-08,-5.2887e-10,9.42687e-08,3.14189e-14
9.42891e-08,-5.55716e-10,9.42908e-08,3.14335e-14
9.43166e-08,-6.00133e-10,9.43185e-08,3.1452e-14
9.43546e-08,-6.68395e-10,9.4357e-08,3.14777e-14
9.44126e-08,-7.71456e-10,9.44158e-08,3.1517e-14
9.45092e-08,-9.27347e-10,9.45137e-08,3.15824e-14
9.46837e-08,-1.159e-09,9.46908e-08,3.17008e-14
9.5019e-08,-1.45031e-09,9.50301e-08,3.19284e-14
9.56587e-08,-1.43718e-09,9.56695e-08,3.23595e-14
9.66028e-08,-4.9304e-10,9.66041e-08,3.29948e-14
2.61865e-08,-5.24255e-09,2.67061e-08,2.5216e-15
2.99919e-08,-2.39445e-09,3.00873e-08,3.20053e-15
3.0936e-08,-1.43464e-09,3.09693e-08,3.39092e-15
3.12117e-08,-1.02612e-09,3.12285e-08,3.44793e-15
3.13104e-08,-8.15152e-10,3.13211e-08,3.46839e-15
3.13541e-08,-6.91575e-10,3.13618e-08,3.47741e-15
3.13773e-08,-6.14358e-10,3.13833e-08,3.4822e-15
3.13915e-08,-5.65593e-10,3.13966e-08,3.48515e-15
3.14014e-08,-5.3658e-10,3.1406e-08,3.48723e-15
3.14091e-08,-5.2299e-10,3.14135e-08,3.48889e-15
3.14159e-08,-5.2299e-10,3.14203e-08,3.4904e-15
3.14227e-08,-5.3658e-10,3.14273e-08,3.49196e-15
3.14304e-08,-5.65593e-10,3.14355e-08,3.49379e-15
3.14403e-08,-6.14358e-10,3.14463e-08,3.49619e-15
3.14545e-08,-6.91575e-10,3.14621e-08,3.4997e-15
3.14777e-08,-8.15152e-10,3.14883e-08,3.50552e-15
3.15214e-08,-1.02612e-09,3.15381e-08,3.51663e-15
3.16202e-08,-1.43464e-09,3.16527e-08,3.54223e-15
3.18958e-08,-2.39445e-09,3.19856e-08,3.61713e-15
3.284e-08,-5.24255e-09,3.32558e-08,3.91012e-15
3.66453e-08,-1.43718e-09,3.66735e-08,4.75511e-15
2.61865e-08,-5.24255e-09,2.67061e-08,2.5216e-15
2.99919e-08,-2.39445e-09,3.00873e-08,3.20053e-15
3.0936e-08,-1.43464e-09,3.09693e-08,3.39092e-15
3.12117e-08,-1.02612e-09,3.12285e-08,3.44793e-15
3.13104e-08,-8.15152e-10,3.13211e-08,3.46839e-15
3.13541e-08,-6.91575e-10,3.13618e-08,3.47741e-15
3.13773e-08,-6.14358e-10,3.13833e-08,3.4822e-15
3.13915e-08,-5.65593e-10,3.13966e-08,3.48515e-15
3.14014e-08,-5.3658e-10,3.1406e-08,3.48723e-15
3.14091e-08,-5.2299e-10,3.14135e-08,3.48889e-15
3.14159e-08,-5.2299e-10,3.14203e-08,3.4904e-15
3.14227e-08,-5.3658e-10,3.14273e-08,3.49196e-15
3.14304e-08,-5.65593e-10,3.14355e-08,3.49379e-15
3.14403e-08,-6.14358e-10,3.14463e-08,3.49619e-15
3.14545e-08,-6.91575e-10,3.14621e-08,3.4997e-15
3.14777e-08,-8.15152e-10,3.14883e-08,3.50552e-15
3.15214e-08,-1.02612e-09,3.15381e-08,3.51663e-15
3.16202e-08,-1.43464e-09,3.16527e-08,3.54223e-15
3.18958e-08,-2.39445e-09,3.19856e-08,3.61713e-15
3.284e-08,-5.24255e-09,3.32558e-08,3.91012e-15
3.284e-08,-5.24255e-09,3.32558e-08,3.91012e-15
